{"1":{"rank":131,"rarity":211.7088888888889},"2":{"rank":46,"rarity":403.70833333333337},"3":{"rank":241,"rarity":87.12300423590746},"4":{"rank":9,"rarity":630.6369047619047},"5":{"rank":3,"rarity":801.2083333333333},"6":{"rank":261,"rarity":66.58946778711484},"7":{"rank":144,"rarity":186.48666666666668},"8":{"rank":185,"rarity":136.82000000000002},"9":{"rank":14,"rarity":624.3194444444443},"10":{"rank":212,"rarity":110.99015151515152},"11":{"rank":264,"rarity":62.28967090257413},"12":{"rank":219,"rarity":105.18152958152959},"13":{"rank":42,"rarity":424.2366666666667},"14":{"rank":172,"rarity":152.43290322580646},"15":{"rank":119,"rarity":251.34343434343435},"16":{"rank":110,"rarity":309.7748068924539},"17":{"rank":43,"rarity":424.2366666666667},"18":{"rank":221,"rarity":104.17561497326204},"19":{"rank":47,"rarity":403.70833333333337},"20":{"rank":180,"rarity":142.76444444444445},"21":{"rank":218,"rarity":105.18152958152959},"22":{"rank":194,"rarity":127.5162365591398},"23":{"rank":206,"rarity":111.9563375692408},"24":{"rank":58,"rarity":361.3583333333333},"25":{"rank":183,"rarity":137.14900432900433},"26":{"rank":277,"rarity":51.74059553349876},"27":{"rank":255,"rarity":72.54343434343434},"28":{"rank":249,"rarity":80.05809523809523},"29":{"rank":193,"rarity":128.27833333333334},"30":{"rank":89,"rarity":326.18290322580646},"31":{"rank":7,"rarity":630.6369047619047},"32":{"rank":293,"rarity":32.48967090257413},"33":{"rank":211,"rarity":110.99015151515152},"34":{"rank":77,"rarity":349.39015151515144},"35":{"rank":138,"rarity":204.02000000000004},"36":{"rank":111,"rarity":309.7748068924539},"37":{"rank":244,"rarity":86.27480689245395},"38":{"rank":106,"rarity":310.62300423590744},"39":{"rank":188,"rarity":132.2422222222222},"40":{"rank":251,"rarity":80.05809523809523},"41":{"rank":91,"rarity":322.8662365591398},"42":{"rank":126,"rarity":226.510101010101},"43":{"rank":204,"rarity":111.9563375692408},"44":{"rank":147,"rarity":185.12121212121212},"45":{"rank":197,"rarity":127.17676767676768},"46":{"rank":289,"rarity":46.25137254901961},"47":{"rank":286,"rarity":49.87300423590746},"48":{"rank":82,"rarity":345.53527777777776},"49":{"rank":242,"rarity":87.12300423590746},"50":{"rank":179,"rarity":144.0025396825397},"51":{"rank":27,"rarity":526.0775757575757},"52":{"rank":191,"rarity":132.2422222222222},"53":{"rank":202,"rarity":111.9563375692408},"54":{"rank":257,"rarity":72.22300423590747},"55":{"rank":225,"rarity":101.35333333333335},"56":{"rank":74,"rarity":349.68666666666667},"57":{"rank":161,"rarity":170.635101010101},"58":{"rank":76,"rarity":349.39015151515144},"59":{"rank":296,"rarity":31.64147355912062},"60":{"rank":94,"rarity":321.1888725490196},"61":{"rank":116,"rarity":279.4583333333333},"62":{"rank":5,"rarity":796.9866666666667},"63":{"rank":99,"rarity":319.635101010101},"64":{"rank":120,"rarity":251.34343434343435},"65":{"rank":210,"rarity":111.1081402257873},"66":{"rank":96,"rarity":320.87676767676766},"67":{"rank":199,"rarity":124.19956989247312},"68":{"rank":98,"rarity":320.87676767676766},"69":{"rank":33,"rarity":481.63690476190476},"70":{"rank":269,"rarity":60.969242424242424},"71":{"rank":158,"rarity":171.87676767676768},"72":{"rank":22,"rarity":540.4583333333333},"73":{"rank":136,"rarity":211.610101010101},"74":{"rank":214,"rarity":110.99015151515152},"75":{"rank":38,"rarity":450.01010101010104},"76":{"rank":102,"rarity":311.0422222222222},"77":{"rank":53,"rarity":386.9241666666667},"78":{"rank":11,"rarity":624.3194444444443},"79":{"rank":165,"rarity":162.6916666666667},"80":{"rank":73,"rarity":349.68666666666667},"81":{"rank":153,"rarity":177.31944444444443},"82":{"rank":190,"rarity":132.2422222222222},"83":{"rank":41,"rarity":424.2366666666667},"84":{"rank":67,"rarity":360.610101010101},"85":{"rank":186,"rarity":136.82000000000002},"86":{"rank":287,"rarity":49.02480689245395},"87":{"rank":238,"rarity":87.12300423590746},"88":{"rank":203,"rarity":111.9563375692408},"89":{"rank":50,"rarity":399.4866666666667},"90":{"rank":129,"rarity":226.510101010101},"91":{"rank":233,"rarity":92.27000000000001},"92":{"rank":267,"rarity":61.29956989247312},"93":{"rank":265,"rarity":61.994358974358974},"94":{"rank":21,"rarity":577.7083333333333},"95":{"rank":40,"rarity":431.97023809523813},"96":{"rank":258,"rarity":71.37480689245395},"97":{"rank":149,"rarity":185.12121212121212},"98":{"rank":294,"rarity":32.48967090257413},"99":{"rank":155,"rarity":177.31944444444443},"100":{"rank":275,"rarity":55.987878787878785},"101":{"rank":18,"rarity":610.4241666666667},"102":{"rank":175,"rarity":151.58470588235295},"103":{"rank":24,"rarity":526.0775757575757},"104":{"rank":274,"rarity":58.88510101010101},"105":{"rank":262,"rarity":65.44819624819624},"106":{"rank":101,"rarity":311.0422222222222},"107":{"rank":207,"rarity":111.9563375692408},"108":{"rank":97,"rarity":320.87676767676766},"109":{"rank":30,"rarity":515.32},"110":{"rank":198,"rarity":126.66803921568629},"111":{"rank":217,"rarity":109.61999999999999},"112":{"rank":100,"rarity":311.0422222222222},"113":{"rank":95,"rarity":320.87676767676766},"114":{"rank":272,"rarity":60.45137254901961},"115":{"rank":223,"rarity":102.34343434343435},"116":{"rank":32,"rarity":482.15333333333336},"117":{"rank":220,"rarity":104.3662365591398},"118":{"rank":16,"rarity":613.2943589743589},"119":{"rank":26,"rarity":526.0775757575757},"120":{"rank":260,"rarity":68.2311111111111},"121":{"rank":103,"rarity":311.0422222222222},"122":{"rank":237,"rarity":87.12300423590746},"123":{"rank":81,"rarity":349.39015151515144},"124":{"rank":140,"rarity":200.68666666666667},"125":{"rank":92,"rarity":322.03706989247314},"126":{"rank":196,"rarity":127.5162365591398},"127":{"rank":84,"rarity":335.4866666666667},"128":{"rank":205,"rarity":111.9563375692408},"129":{"rank":34,"rarity":473.10833333333335},"130":{"rank":79,"rarity":349.39015151515144},"131":{"rank":245,"rarity":86.27480689245395},"132":{"rank":216,"rarity":110.62121212121212},"133":{"rank":178,"rarity":144.09956989247314},"134":{"rank":122,"rarity":247.94424242424242},"135":{"rank":181,"rarity":139.59343434343435},"136":{"rank":56,"rarity":367.7442424242424},"137":{"rank":15,"rarity":616.0775757575758},"138":{"rank":107,"rarity":310.62300423590744},"139":{"rank":87,"rarity":331.0491666666667},"140":{"rank":57,"rarity":362.0908333333333},"141":{"rank":23,"rarity":526.0775757575757},"142":{"rank":115,"rarity":279.4583333333333},"143":{"rank":247,"rarity":83.61803921568627},"144":{"rank":148,"rarity":185.12121212121212},"145":{"rank":290,"rarity":44.73290322580645},"146":{"rank":75,"rarity":349.6811111111111},"147":{"rank":28,"rarity":517.6116666666667},"148":{"rank":250,"rarity":80.05809523809523},"149":{"rank":29,"rarity":515.32},"150":{"rank":228,"rarity":96.13510101010101},"151":{"rank":37,"rarity":461.4241666666667},"152":{"rank":112,"rarity":282.97023809523813},"153":{"rank":256,"rarity":72.22300423590747},"154":{"rank":150,"rarity":185.12121212121212},"155":{"rank":160,"rarity":171.87676767676768},"156":{"rank":268,"rarity":61.29956989247312},"157":{"rank":282,"rarity":50.89239819004525},"158":{"rank":12,"rarity":624.3194444444443},"159":{"rank":177,"rarity":144.09956989247314},"160":{"rank":130,"rarity":211.7088888888889},"161":{"rank":270,"rarity":60.75269230769231},"162":{"rank":31,"rarity":508.59956989247314},"163":{"rank":45,"rarity":407.65333333333336},"164":{"rank":113,"rarity":279.4583333333333},"165":{"rank":227,"rarity":96.79500000000002},"166":{"rank":142,"rarity":192.9180392156863},"167":{"rank":226,"rarity":98.51803921568627},"168":{"rank":123,"rarity":237.6904789833822},"169":{"rank":173,"rarity":152.01010101010104},"170":{"rank":139,"rarity":202.1527777777778},"171":{"rank":292,"rarity":44.73290322580645},"172":{"rank":133,"rarity":211.7088888888889},"173":{"rank":71,"rarity":349.9866666666667},"174":{"rank":85,"rarity":335.4866666666667},"175":{"rank":10,"rarity":624.3194444444443},"176":{"rank":280,"rarity":50.89239819004525},"177":{"rank":69,