{
  "1": {
    "rank": 174,
    "rarity": 152.01010101010104
  },
  "2": {
    "rank": 96,
    "rarity": 320.87676767676766
  },
  "3": {
    "rank": 66,
    "rarity": 360.6490043290043
  },
  "4": {
    "rank": 189,
    "rarity": 132.2422222222222
  },
  "5": {
    "rank": 181,
    "rarity": 142.76444444444445
  },
  "6": {
    "rank": 49,
    "rarity": 400.34343434343435
  },
  "7": {
    "rank": 266,
    "rarity": 61.994358974358974
  },
  "8": {
    "rank": 29,
    "rarity": 517.6116666666667
  },
  "9": {
    "rank": 212,
    "rarity": 110.99015151515152
  },
  "10": {
    "rank": 219,
    "rarity": 105.18152958152959
  },
  "11": {
    "rank": 101,
    "rarity": 311.0422222222222
  },
  "12": {
    "rank": 277,
    "rarity": 54.34623546388252
  },
  "13": {
    "rank": 143,
    "rarity": 192.9180392156863
  },
  "14": {
    "rank": 285,
    "rarity": 49.87300423590746
  },
  "15": {
    "rank": 244,
    "rarity": 86.27480689245395
  },
  "16": {
    "rank": 162,
    "rarity": 170.635101010101
  },
  "17": {
    "rank": 154,
    "rarity": 177.31944444444443
  },
  "18": {
    "rank": 147,
    "rarity": 185.12121212121212
  },
  "19": {
    "rank": 18,
    "rarity": 610.4241666666667
  },
  "20": {
    "rank": 257,
    "rarity": 72.22300423590747
  },
  "21": {
    "rank": 264,
    "rarity": 62.28967090257413
  },
  "22": {
    "rank": 223,
    "rarity": 102.34343434343435
  },
  "23": {
    "rank": 184,
    "rarity": 137.14900432900433
  },
  "24": {
    "rank": 220,
    "rarity": 105.18152958152959
  },
  "25": {
    "rank": 245,
    "rarity": 86.27480689245395
  },
  "26": {
    "rank": 24,
    "rarity": 526.0775757575757
  },
  "27": {
    "rank": 92,
    "rarity": 322.8662365591398
  },
  "28": {
    "rank": 137,
    "rarity": 211.610101010101
  },
  "29": {
    "rank": 102,
    "rarity": 311.0422222222222
  },
  "30": {
    "rank": 47,
    "rarity": 403.70833333333337
  },
  "31": {
    "rank": 148,
    "rarity": 185.12121212121212
  },
  "32": {
    "rank": 201,
    "rarity": 122.21010101010103
  },
  "33": {
    "rank": 202,
    "rarity": 111.9563375692408
  },
  "34": {
    "rank": 236,
    "rarity": 87.78290322580645
  },
  "35": {
    "rank": 120,
    "rarity": 251.34343434343435
  },
  "36": {
    "rank": 258,
    "rarity": 72.22300423590747
  },
  "37": {
    "rank": 198,
    "rarity": 127.17676767676768
  },
  "38": {
    "rank": 25,
    "rarity": 526.0775757575757
  },
  "39": {
    "rank": 238,
    "rarity": 87.12300423590746
  },
  "40": {
    "rank": 36,
    "rarity": 467.07757575757574
  },
  "41": {
    "rank": 168,
    "rarity": 161.62300423590747
  },
  "42": {
    "rank": 229,
    "rarity": 96.13510101010101
  },
  "43": {
    "rank": 159,
    "rarity": 171.87676767676768
  },
  "44": {
    "rank": 203,
    "rarity": 111.9563375692408
  },
  "45": {
    "rank": 111,
    "rarity": 309.7748068924539
  },
  "46": {
    "rank": 169,
    "rarity": 161.62300423590747
  },
  "47": {
    "rank": 158,
    "rarity": 173.03706989247314
  },
  "48": {
    "rank": 112,
    "rarity": 309.7748068924539
  },
  "49": {
    "rank": 30,
    "rarity": 515.32
  },
  "50": {
    "rank": 173,
    "rarity": 152.43290322580646
  },
  "51": {
    "rank": 165,
    "rarity": 167.59777777777776
  },
  "52": {
    "rank": 290,
    "rarity": 46.25137254901961
  },
  "53": {
    "rank": 286,
    "rarity": 49.87300423590746
  },
  "54": {
    "rank": 297,
    "rarity": 31.64147355912062
  },
  "55": {
    "rank": 69,
    "rarity": 350.67676767676767
  },
  "56": {
    "rank": 185,
    "rarity": 136.82000000000002
  },
  "57": {
    "rank": 56,
    "rarity": 375.510101010101
  },
  "58": {
    "rank": 227,
    "rarity": 98.51803921568627
  },
  "59": {
    "rank": 204,
    "rarity": 111.9563375692408
  },
  "60": {
    "rank": 94,
    "rarity": 321.1888725490196
  },
  "61": {
    "rank": 74,
    "rarity": 349.68666666666667
  },
  "62": {
    "rank": 67,
    "rarity": 360.6490043290043
  },
  "63": {
    "rank": 88,
    "rarity": 331.0491666666667
  },
  "64": {
    "rank": 268,
    "rarity": 61.29956989247312
  },
  "65": {
    "rank": 83,
    "rarity": 345.53527777777776
  },
  "66": {
    "rank": 298,
    "rarity": 31.64147355912062
  },
  "67": {
    "rank": 16,
    "rarity": 616.0775757575758
  },
  "68": {
    "rank": 8,
    "rarity": 630.6369047619047
  },
  "69": {
    "rank": 222,
    "rarity": 104.17561497326204
  },
  "70": {
    "rank": 114,
    "rarity": 279.4583333333333
  },
  "71": {
    "rank": 149,
    "rarity": 185.12121212121212
  },
  "72": {
    "rank": 281,
    "rarity": 50.89239819004525
  },
  "73": {
    "rank": 294,
    "rarity": 32.48967090257413
  },
  "74": {
    "rank": 84,
    "rarity": 335.4866666666667
  },
  "75": {
    "rank": 85,
    "rarity": 335.4866666666667
  },
  "76": {
    "rank": 127,
    "rarity": 226.510101010101
  },
  "77": {
    "rank": 19,
    "rarity": 610.4241666666667
  },
  "78": {
    "rank": 262,
    "rarity": 66.58946778711484
  },
  "79": {
    "rank": 131,
    "rarity": 211.7088888888889
  },
  "80": {
    "rank": 97,
    "rarity": 320.87676767676766
  },
  "81": {
    "rank": 128,
    "rarity": 226.510101010101
  },
  "82": {
    "rank": 282,
    "rarity": 50.89239819004525
  },
  "83": {
    "rank": 132,
    "rarity": 211.7088888888889
  },
  "84": {
    "rank": 195,
    "rarity": 127.5162365591398
  },
  "85": {
    "rank": 178,
    "rarity": 144.09956989247314
  },
  "86": {
    "rank": 190,
    "rarity": 132.2422222222222
  },
  "87": {
    "rank": 52,
    "rarity": 399.43111111111114
  },
  "88": {
    "rank": 160,
    "rarity": 171.87676767676768
  },
  "89": {
    "rank": 139,
    "rarity": 204.02000000000004
  },
  "90": {
    "rank": 2,
    "rarity": 801.2083333333333
  },
  "91": {
    "rank": 103,
    "rarity": 311.0422222222222
  },
  "92": {
    "rank": 205,
    "rarity": 111.9563375692408
  },
  "93": {
    "rank": 263,
    "rarity": 65.44819624819624
  },
  "94": {
    "rank": 250,
    "rarity": 80.05809523809523
  },
  "95": {
    "rank": 59,
    "rarity": 361.3583333333333
  },
  "96": {
    "rank": 213,
    "rarity": 110.99015151515152
  },
  "97": {
    "rank": 89,
    "rarity": 326.18290322580646
  },
  "98": {
    "rank": 248,
    "rarity": 83.61803921568627
  },
  "99": {
    "rank": 226,
    "rarity": 101.35333333333335
  },
  "100": {
    "rank": 11,
    "rarity": 624.3194444444443
  },
  "101": {
    "rank": 50,
    "rarity": 400.3434343434343
  },
  "102": {
    "rank": 199,
    "rarity": 126.66803921568629
  },
  "103": {
    "rank": 209,
    "rarity": 111.1081402257873
  },
  "104": {
    "rank": 186,
    "rarity": 136.82000000000002
  },
  "105": {
    "rank": 129,
    "rarity": 226.510101010101
  },
  "106": {
    "rank": 107,
    "rarity": 310.62300423590744
  },
  "107": {
    "rank": 254,
    "rarity": 72.85553921568628
  },
  "108": {
    "rank": 278,
    "rarity": 51.74059553349876
  },
  "109": {
    "rank": 5,
    "rarity": 796.9866666666667
  },
  "110": {
    "rank": 122,
    "rarity": 247.94424242424242
  },
  "111": {
    "rank": 34,
    "rarity": 481.63690476190476
  },
  "112": {
    "rank": 239,
    "rarity": 87.12300423590746
  },
  "113": {
    "rank": 163,
    "rarity": 170.635101010101
  },
  "114": {
    "rank": 155,
    "rarity": 177.31944444444443
  },
  "115": {
    "rank": 144,
    "rarity": 186.48666666666668
  },
  "116": {
    "rank": 31,
    "rarity": 515.32
  },
  "117": {
    "rank": 20,
    "rarity": 609.0422222222222
  },
  "118": {
    "rank": 291,
    "rarity": 44.73290322580645
  },
  "119": {
    "rank": 104,
    "rarity": 311.0422222222222
  },
  "120": {
    "rank": 279,
    "rarity": 51.74059553349876
  },
  "121": {
    "rank": 292,
    "rarity": 44.73290322580645
  },
  "122": {
    "rank": 256,
    "rarity": 72.54343434343434
  },
  "123": {
    "rank": 3,
    "rarity": 801.2083333333333
  },
  "124": {
    "rank": 17,
    "rarity": 613.2943589743589
  },
  "125": {
    "rank": 77,
    "rarity": 349.39015151515144
  },