{"Rarity":{"Basic":3.01010101010101,"Special":1.9866666666666664,"Collab":6.208333333333334,"Basic Splat":298},"Background":{"Rusty Blue":298,"Blurry Colors":27.09090909090909,"Blurry Black":298,"Blurry Grays":298,"Blurry Purps":298,"Blurry Pastels":298,"Blurry Blue":298,"Green Money":298,"Red":42.57142857142857,"Yellow":74.5,"Purple":19.866666666666667,"Green Red":298,"Orange Purple":74.5,"Brown":298,"Green":74.5,"Blue":59.6,"Orange":74.5,"Blurry Reds":149,"Blue Pink":99.33333333333334,"Purple Orange":99.33333333333334,"Trippy Yo":298,"Trippy Blue":298,"Trippy Red":99.33333333333334,"Trippy Orange":298,"Trippy Purple":298,"Pastels":24.833333333333336,"Greyscale":298,"Color Vomit":21.285714285714285,"Psycho Colorful":29.8,"Neon Green":149,"Neon Pink":59.6,"Neon Blue":99.33333333333334,"Neon Yellow":298,"Neon White":149,"Neon Orange":99.33333333333334,"Neon Red":149,"Purple Grey":298,"Green Blue":74.5,"Grey Purple":149,"Grey Pink":298,"Pink Blue":149,"Purple Blue":49.66666666666667,"Green Orange":298,"Orange Blue":298,"Orange Pink":59.6,"Grey Black":74.5,"Blue Orange":99.33333333333334,"Blue Red":99.33333333333334,"Green Pink":149,"Black Grey":149,"Primary":149,"Blue Black":298,"Blue Green":49.66666666666667,"Yellow Blue":298,"Orange Green":298,"Red Purple":298,"Purple Green":74.5,"Pink Orange":298,"Yellow Purple":149,"Red Orange":298,"Brown Blue":298,"Black Purple":149,"Orange Grye":298,"Blood Splatter":298,"Orange Yellow":99.33333333333334,"Green Purple":99.33333333333334,"Blue Purple":37.25,"Green Yellow":149,"Cloudy Purples":298,"Cloudy Blue":298,"Painted Red":298,"Cloudy Sky":298,"Living Green":298,"Breathless Black":298,"Priceless Purple":298,"Blue White Pixels":298,"Black":298,"Groovy Afterlife":149,"Aurora":74.5,"GraviDAO Purple":298,"Red Glitch":298,"The Road":298,"Speaker Bumps":298,"White":59.6,"Blue Yellow":298,"Pastel Pop":149,"Rock":99.33333333333334,"Moss":298,"Mossy Rock":298,"Gravel":298,"Sand":298,"Skin Crawling":298,"Dystopic Distortion":298,"Candid Confusion":298,"Moonlight":298,"Hivemind":298,"Grassy Love":298,"Blue Planet":298,"Pink":149,"Purple Pink":74.5,"Cyan Purple":298,"Pink Purple":99.33333333333334,"Pastel Pink":149,"Pastel Blue":298,"Pastel Green":149,"Rust":74.5,"Magenta Grey":298,"Rusty Green":298,"Dark Blue":298,"Rusty Purple":99.33333333333334,"Gray":298,"Red Grey":298,"Rusty Grey":149,"Red Black":298,"Orange Grey":149,"Grey Green":298,"Black Blue":149,"Black Yellow":298,"Cyan Yellow":298,"Yellow Red":298,"Purple Yellow":149,"Red Blue":149,"Red White":298,"Red Green":298,"Grey":298,"Black Red":298},"Bug Color":{"Red Blue":298,"Green Gold":298,"Purple":19.866666666666667,"Blue":9.612903225806452,"Orange":18.625,"Green":8.76470588235294,"Black Red":298,"Black White":298,"White":298,"Grayscale":298,"Purps":298,"Yellow":33.11111111111111,"Green Leaf":298,"Gold Honey":298,"Red":33.11111111111111,"Pink":9.612903225806452,"Gold":49.66666666666667,"Greyscale":298,"Orange Green":149,"Pink Green":298,"Purple Pink":42.57142857142857,"Blue Red":298,"Blue Pink":149,"Blue Green":99.33333333333334,"Green Purple":298,"Green Blue":99.33333333333334,"Orange Yellow":149,"Pink Peach":298,"Blue Purple":99.33333333333334,"Neon Green":149,"Neon Pink":59.6,"Neon Blue":99.33333333333334,"Neon Yellow":298,"Neon White":149,"Neon Orange":99.33333333333334,"Neon Red":149,"Orange Purple":298,"Purple Peach":298,"Puprle Pink":298,"Red Bandana":298,"Blue Bandana":298,"Purple Bandana":298,"Yellow Bandana":298,"Cyan":74.5,"Black":298,"Purples and Blues":298,"Blues and Greens":298,"Pinks and Greens":298,"Reds and Pinks":298,"Grey":298,"Reds and Greens":298,"Pink Orange":298,"Blue Orange":149,"Brown":99.33333333333334,"Multi":298,"Purple Red":298,"Tye Dye":149,"Groovy Patterns":37.25,"Green Brown":298,"White Pink Paint":298,"Blue Soul":298,"Pastels":298,"Graffed Out":149,"Iced Out":149,"Gravidao Gang":298,"Third Eye Wisdom":74.5,"Black Eye":298,"Bumblebee":298,"The Jamhole":298,"Artificially Intelligent":27.09090909090909,"Chronic Green":298,"Camo":298,"Assorted Pop":149,"Grass":298,"Snow":298,"Sand":298,"Lichen":298,"Mud":149,"Gourd":298,"Golden King":298,"Purple Blue":298,"Green Yellow":298,"Pink Blue":298,"Purple Green":49.66666666666667,"Pink Purple":298,"Blue Yellow":149,"Green Orange":59.6,"Green Pink":298},"Variation":{"Pimp Bug":199,"Spider Eyes":199,"Moon Shell":199,"Pumpkin Carved":199,"Cyclops Bug":199,"Flame Painted":199,"Beetlejuice Bug":199,"Herby Bug":199,"Frankenbug":199,"Cheshire":199,"Paintbugging":66.33333333333334,"Bling Bling Bug":199,"Palm Leaf Bug":199,"Swirlies":66.33333333333334,"Cash Money":199,"Blur Bugz":13.266666666666667,"Dots":16.583333333333336,"Glitter":15.307692307692307,"Shadow Bugz":14.214285714285715,"Trash Clan":19.9,"Tron Bugz":11.055555555555555,"Shiny Bugz":18.09090909090909,"TMNTLB":49.75,"Spotted Bugz":33.16666666666667,"Galaxy Bugz":12.4375,"Splat":66.33333333333334,"Patterns":199,"Carnivous Bugz":33.16666666666667,"Bug Games":199,"Tye Dye Bugz":99.5,"Groovy Bugz":19.9,"Luna Punk Bugz":199,"MutantZ Bugz":199,"3D Bugz":199,"Puffin Bugz":49.75,"Savage Bugz":22.11111111111111,"dystopAIBUG":18.09090909090909,"BongBug":199,"Pop Booty Bugz":99.5,"Terrain Bugz":28.42857142857143,"Luna Wormz":199}}