{"Attribute Count":{"0":694.6666666666666,"1":347.3333333333333,"2":2.5728395061728393,"3":2.0233009708737866,"4":15.101449275362317,"5":29.77142857142857,"6":148.85714285714286,"7":160.30769230769232},"Base":{"Grey":5.725274725274725,"Lime Lizard":7.8345864661654145,"Night Glow":6.65814696485623,"Human":6.788273615635179,"Sea Shark":7.74721189591078,"Brown":6.574132492113565,"Lava Lizard":8.403225806451612},"Background":{"DNA Red":9.830188679245282,"Techline Dark":9.923809523809524,"Techline Lightblue":11.026455026455025,"DNA Green":9.876777251184834,"Techline Pink":10.215686274509805,"DNA Orange":10.215686274509805,"Techline Red":9.221238938053098,"Techline Yellow":10.116504854368932,"Techline Green":8.611570247933884,"Star Blue":48.46511627906977,"Dotty Blue":65.125,"Chromosome":54.8421052631579,"Paper Grey":31.1044776119403},"Eyes":{"Red":5.7569060773480665,"Brown":7.04054054054054,"Closed":6.855263157894737,"Smiling":6.67948717948718,"Black":4.046601941747573,"Sharp Green":7.0644067796610175},"Mouth":{"Scar":7.016835016835017,"Smile":5.1330049261083746,"Shark":6.6158730158730155,"Standard":4.926713947990544,"Agape":6.574132492113565,"Serious":6.3926380368098155},"Outfit":{"Metal Fusion":10.061349693251532,"Sailormoon":10.25,"Latex":10.64935064935065,"Reflective Metal Boobs":9.213483146067416,"Reflective Metal":8.91304347826087,"Robotic Clothe":10.379746835443038,"Galaxy Hoodie":9.820359281437126,"White Clothe":10.445859872611464,"Astronaut":10,"Yellow Raincoat":10.580645161290322},"Ear Gear":{"Cross":5,"Cluster Earring":4.684210526315789,"Bone Earring":5.493827160493827,"Airpod":6.095890410958904,"Punk Earring":4.158878504672898},"Hair":{"Short Silver":11.569343065693431,"Shoulder Biege":9.269005847953217,"Long Straight Purple":9.215116279069768,"Long Lightpink":10.496688741721854,"Short Neon Green":10.70945945945946,"Short Red Neon Glow":9.548192771084336,"Blue Highlights":9.84472049689441,"Short Curly Darkred":9.90625,"Short Galaxy":9.491017964071856,"Short Straight Blonde":10.427631578947368},"Head Gear":{"Halo":5.254237288135593,"Neko":5.232067510548523,"Bone Headgear":10.782608695652174,"Headphones":5.0406504065040645,"Goathorns":12.4,"Metallic Lens":10.420168067226891,"Metal Bunny":10,"Biohat":22.142857142857146,"Plugged Metalhead":413.3333333333333,"Space Helmet":310},"Mouth Gear":{"Fabric Mask":2.2083333333333335,"Neon Green Communicator":2.2289719626168223,"Demon Mask":10.148936170212766},"Face Gear":{"Bandage":1},"Eye Gear":{"Galaxy Shades":1.9081632653061225,"Pink Cosmic Shades":2.101123595505618}}